,split0_test_rmse,split1_test_rmse,split2_test_rmse,mean_test_rmse,std_test_rmse,rank_test_rmse,mean_fit_time,std_fit_time,mean_test_time,std_test_time,params,param_k,param_sim_options,param_verbose
0,0.923632701992158,0.9303505156488185,0.9413750298676627,0.9317860825028798,0.007314059007821303,7,0.5510149002075195,0.041573952013932075,2.6382097403208413,0.1775753121011504,"{'k': 20, 'sim_options': {'name': 'cosine', 'user_based': True, 'shrinkage': 25, 'min_support': 3}, 'verbose': True}",20,"{'name': 'cosine', 'user_based': True, 'shrinkage': 25, 'min_support': 3}",True
1,0.923632701992158,0.9303505156488185,0.9413750298676627,0.9317860825028798,0.007314059007821303,9,0.6254355907440186,0.059082751783648815,3.069650491078695,0.32043083716695836,"{'k': 20, 'sim_options': {'name': 'cosine', 'user_based': True, 'shrinkage': 50, 'min_support': 3}, 'verbose': True}",20,"{'name': 'cosine', 'user_based': True, 'shrinkage': 50, 'min_support': 3}",True
2,0.923632701992158,0.9303505156488185,0.9413750298676627,0.9317860825028798,0.007314059007821303,8,0.5912453333536783,0.02118321504301963,2.785027027130127,0.03985869259308177,"{'k': 20, 'sim_options': {'name': 'cosine', 'user_based': True, 'shrinkage': 100, 'min_support': 3}, 'verbose': True}",20,"{'name': 'cosine', 'user_based': True, 'shrinkage': 100, 'min_support': 3}",True
3,0.9330644337868382,0.9401561863583304,0.9526538803187607,0.9419581668213098,0.008098228367920245,18,0.763529380162557,0.062410241874084164,2.5867346127827964,0.08360668769727453,"{'k': 20, 'sim_options': {'name': 'pearson_baseline', 'user_based': True, 'shrinkage': 25, 'min_support': 3}, 'verbose': True}",20,"{'name': 'pearson_baseline', 'user_based': True, 'shrinkage': 25, 'min_support': 3}",True
4,0.9328517148191662,0.9399328614428704,0.952212727865549,0.9416657680425286,0.007998517800522192,16,0.6720280647277832,0.056761934297018236,2.298456350962321,0.15701392485995286,"{'k': 20, 'sim_options': {'name': 'pearson_baseline', 'user_based': True, 'shrinkage': 50, 'min_support': 3}, 'verbose': True}",20,"{'name': 'pearson_baseline', 'user_based': True, 'shrinkage': 50, 'min_support': 3}",True
5,0.933150132693738,0.9401250181695064,0.9522395283996623,0.9418382264209689,0.007886806239494724,17,0.6331848303476969,0.03037755230146348,2.0642641385396323,0.03096897675011554,"{'k': 20, 'sim_options': {'name': 'pearson_baseline', 'user_based': True, 'shrinkage': 100, 'min_support': 3}, 'verbose': True}",20,"{'name': 'pearson_baseline', 'user_based': True, 'shrinkage': 100, 'min_support': 3}",True
6,0.9215794721198086,0.9282176770893363,0.9398230515027579,0.9298734002373009,0.00753936829946747,6,0.404097318649292,0.03575854476935755,2.296325206756592,0.24241756984780732,"{'k': 40, 'sim_options': {'name': 'cosine', 'user_based': True, 'shrinkage': 25, 'min_support': 3}, 'verbose': True}",40,"{'name': 'cosine', 'user_based': True, 'shrinkage': 25, 'min_support': 3}",True
7,0.9215794721198086,0.9282176770893363,0.9398230515027579,0.9298734002373009,0.00753936829946747,5,0.339064359664917,0.023884749162634764,1.9022010962168376,0.16575056717066336,"{'k': 40, 'sim_options': {'name': 'cosine', 'user_based': True, 'shrinkage': 50, 'min_support': 3}, 'verbose': True}",40,"{'name': 'cosine', 'user_based': True, 'shrinkage': 50, 'min_support': 3}",True
8,0.9215794721198086,0.9282176770893363,0.9398230515027579,0.9298734002373009,0.00753936829946747,4,0.3025375207265218,0.011187913277574861,1.7527978420257568,0.07599685439217352,"{'k': 40, 'sim_options': {'name': 'cosine', 'user_based': True, 'shrinkage': 100, 'min_support': 3}, 'verbose': True}",40,"{'name': 'cosine', 'user_based': True, 'shrinkage': 100, 'min_support': 3}",True
9,0.932568320402418,0.939470508437974,0.9524972232009138,0.9415120173471019,0.00826301440789054,14,0.4199812412261963,0.02118944316037611,1.6138988335927327,0.07524571164129304,"{'k': 40, 'sim_options': {'name': 'pearson_baseline', 'user_based': True, 'shrinkage': 25, 'min_support': 3}, 'verbose': True}",40,"{'name': 'pearson_baseline', 'user_based': True, 'shrinkage': 25, 'min_support': 3}",True
10,0.9323748757439089,0.9392819220169901,0.9519779668466168,0.9412115882025053,0.008118415440051815,10,0.4132858117421468,0.01945953944343252,1.5992212295532227,0.027673172033154916,"{'k': 40, 'sim_options': {'name': 'pearson_baseline', 'user_based': True, 'shrinkage': 50, 'min_support': 3}, 'verbose': True}",40,"{'name': 'pearson_baseline', 'user_based': True, 'shrinkage': 50, 'min_support': 3}",True
11,0.9325854121165897,0.9394697045805822,0.9519590186032257,0.9413380451001325,0.008018818670165882,12,0.42435328165690106,0.036654980329416643,1.6202747027079265,0.061688433859905634,"{'k': 40, 'sim_options': {'name': 'pearson_baseline', 'user_based': True, 'shrinkage': 100, 'min_support': 3}, 'verbose': True}",40,"{'name': 'pearson_baseline', 'user_based': True, 'shrinkage': 100, 'min_support': 3}",True
12,0.9215838150482428,0.9283742237602067,0.9395957953595068,0.9298512780559854,0.007427163017278702,3,0.3013795216878255,0.016118584633640014,1.792291243871053,0.056069739905171535,"{'k': 50, 'sim_options': {'name': 'cosine', 'user_based': True, 'shrinkage': 25, 'min_support': 3}, 'verbose': True}",50,"{'name': 'cosine', 'user_based': True, 'shrinkage': 25, 'min_support': 3}",True
13,0.9215838150482428,0.9283742237602067,0.9395957953595068,0.9298512780559854,0.007427163017278702,2,0.29320796330769855,0.010744508573110984,1.791974147160848,0.04700424606890139,"{'k': 50, 'sim_options': {'name': 'cosine', 'user_based': True, 'shrinkage': 50, 'min_support': 3}, 'verbose': True}",50,"{'name': 'cosine', 'user_based': True, 'shrinkage': 50, 'min_support': 3}",True
14,0.9215838150482428,0.9283742237602067,0.9395957953595068,0.9298512780559854,0.007427163017278702,1,0.2981255054473877,0.0164905978623994,1.8366983731587727,0.0004503114708738685,"{'k': 50, 'sim_options': {'name': 'cosine', 'user_based': True, 'shrinkage': 100, 'min_support': 3}, 'verbose': True}",50,"{'name': 'cosine', 'user_based': True, 'shrinkage': 100, 'min_support': 3}",True
15,0.9325735656959638,0.9394884489317367,0.9526136590753632,0.9415585579010212,0.008311251370774281,15,0.40276098251342773,0.012936781470457926,1.6231963634490967,0.03798411762484047,"{'k': 50, 'sim_options': {'name': 'pearson_baseline', 'user_based': True, 'shrinkage': 25, 'min_support': 3}, 'verbose': True}",50,"{'name': 'pearson_baseline', 'user_based': True, 'shrinkage': 25, 'min_support': 3}",True
16,0.9323711602863796,0.9392816677093611,0.9521155265959237,0.9412561181972214,0.008180621055809245,11,0.39557822545369464,0.009880093549963255,1.6649848620096843,0.07532134375768043,"{'k': 50, 'sim_options': {'name': 'pearson_baseline', 'user_based': True, 'shrinkage': 50, 'min_support': 3}, 'verbose': True}",50,"{'name': 'pearson_baseline', 'user_based': True, 'shrinkage': 50, 'min_support': 3}",True
17,0.9325979051215618,0.9394804005910312,0.9520721159883316,0.9413834739003083,0.008063394166900842,13,0.44857001304626465,0.0771884836109031,1.7130000591278076,0.06997307957769718,"{'k': 50, 'sim_options': {'name': 'pearson_baseline', 'user_based': True, 'shrinkage': 100, 'min_support': 3}, 'verbose': True}",50,"{'name': 'pearson_baseline', 'user_based': True, 'shrinkage': 100, 'min_support': 3}",True
